시군구코드,지정년도,지정번호,신청일자,지정일자,업소명,소재지도로명,소재지지번,허가(신고)번호,업태명,주된음식,영업장면적(㎡),행정동명,급수시설구분,소재지전화번호
3220000,2014,160,20141006,20141006,이도곰탕,"서울특별시 강남구 논현로94길 29-5, 지상1층,지상2층 (역삼동)",서울특별시 강남구 역삼동  671번지 17호  ,3220000-101-2001-24197,한식,곰탕,194.41,역삼1동,상수도전용,02 5010738
3220000,2021,139,20181001,20211116,솥내음 스타필드 코엑스몰점,"서울특별시 강남구 영동대로 513, 코엑스 지하1층 O-107호 (삼성동)",서울특별시 강남구 삼성동  159번지  코엑스,3220000-101-2020-00643,한식,직화불백,74.56,삼성1동,,
3220000,2010,24,20100210,20100210,스시히로바,"서울특별시 강남구 삼성로 620, 블래스톤리조트 지상1층 (삼성동)",서울특별시 강남구 삼성동  70번지  블래스톤리조트,3220000-101-2002-00383,일식,초밥,216.56,삼성1동,상수도전용,02 5155511
3220000,2016,89,20161125,20161125,서백자 간장게장,"서울특별시 강남구 삼성로 542, 지상2층 (삼성동, 석천빌딩)",서울특별시 강남구 삼성동  151번지 4호  석천빌딩 2층,3220000-101-2012-00416,중국식,간장게장,260.3,삼성1동,,02  34536008
3220000,2016,84,20161125,20161125,주)봉산집,"서울특별시 강남구 삼성로 564, 지상2층,지상3층 (삼성동)",서울특별시 강남구 삼성동  145번지 19호  ,3220000-101-2011-01048,한식,차돌박이,452.95,삼성1동,,
3220000,2016,76,20161125,20161125,더드림,"서울특별시 강남구 선릉로 518, 지하1층 (삼성동)",서울특별시 강남구 삼성동  140번지 25호  ,3220000-101-2012-00882,한식,김치찌개,110.3,삼성1동,,02  536 8153
3220000,2019,368,20191128,20190930,국민한우집 삼성역점(구 칠프로칠백식당 포스코점),"서울특별시 강남구 테헤란로82길 11, (대치동)",서울특별시 강남구 대치동  942번지 13호  ,3220000-101-1998-08200,경양식,칠백한우동,123.19,대치2동,상수도전용,02555 5245
3220000,2010,25,20100210,20100210,이즈미,"서울특별시 강남구 언주로 857, 지상1층 (신사동)",서울특별시 강남구 신사동  621번지 3호  ,3220000-101-2000-21072,한식,회,329.22,신사동,상수도전용,02 5110107
3220000,2014,18,20141006,20141006,홍영재 장수 청국장,"서울특별시 강남구 영동대로 424, 지상1층 (대치동)",서울특별시 강남구 대치동  1001번지  지상1층,3220000-101-2013-00292,한식,청국장,398.68,대치2동,,
3220000,2010,14,20100210,20100210,등대,"서울특별시 강남구 영동대로 342, (대치동,지상1층)",서울특별시 강남구 대치동  1006번지 0호  지상1층,3220000-101-2003-00016,한식,복요리,148.76,대치2동,상수도전용,5620505
3220000,2010,61,20100730,20100915,(주)아구본가첨벙대치,"서울특별시 강남구 도곡로 426, (대치동,지상2층)",서울특별시 강남구 대치동  1023번지 3호  지상2층,3220000-101-2009-00650,한식,아구찜,309.8,대치1동,상수도전용,02  538 0104
3220000,2017,456,20171010,20171124,김태준의 탕탕집,"서울특별시 강남구 학동로4길 12, 1,2층 (논현동)",서울특별시 강남구 논현동  141번지 15호  ,3220000-101-2016-00310,한식,설렁탕,162.38,논현1동,,25113235
3220000,2010,12,20100210,20100210,불이아,"서울특별시 강남구 언주로 711, (논현동,건설회관지하1층)",서울특별시 강남구 논현동  71번지 2호  건설회관지하1층,3220000-101-2005-00439,중국식,훠궈,393.36,논현2동,상수도전용,02  517 6689
3220000,2016,101,20161125,20161125,경성면옥,"서울특별시 강남구 테헤란로87길 36, 지하1층 B10호 (삼성동, 도심공항타워)",서울특별시 강남구 삼성동  159번지  ,3220000-101-2002-00779,한식,"회, 물냉면",148.23,삼성1동,상수도전용,02  539 9966
3220000,2016,102,20161125,20161124,밀밭,,서울특별시 강남구 삼성동  159번지 9호  지하1층 B7호,3220000-101-2003-00536,분식,손수제비,74.07,삼성1동,상수도전용,
3220000,2016,103,20161125,20161125,안동찜닭 해물떡찜,"서울특별시 강남구 영동대로 513, 지하1층 M109호 (삼성동, B1 코엑스몰)",서울특별시 강남구 삼성동  159번지  지하1층,3220000-101-2000-21742,한식,안동찜닭,66.36,삼성1동,상수도전용,260026447
3220000,2016,105,20161125,20161125,니뽕내뽕(코엑스점),"서울특별시 강남구 영동대로 513, 컨벤션센타동 지하1층 H117호 (삼성동, 코엑스몰)",서울특별시 강남구 삼성동  159번지  ,3220000-101-2014-01134,중국식,"자장면,짬뽕",84.83,삼성1동,,02  60025151
3220000,2010,11,20100210,20100210,세화정육,"서울특별시 강남구 언주로134길 14, (논현동)",서울특별시 강남구 논현동  115번지 25호  ,3220000-101-1994-15094,한식,"갈시,고등어구이",189.04,논현2동,상수도전용,234466962
3220000,2016,129,20161125,20161125,신의주 부대찌개 삼성점,"서울특별시 강남구 봉은사로108길 3-10, (삼성동)",서울특별시 강남구 삼성동  162번지 19호  ,3220000-101-1995-09499,한식,부대찌개,74.17,삼성1동,상수도전용,02 5385503
3220000,2010,19,20100210,20100210,지호한방삼계탕,"서울특별시 강남구 영동대로115길 16, 지상1층 (삼성동)",서울특별시 강남구 삼성동  76번지 13호  ,3220000-101-2006-00717,한식,삼계탕,156.42,삼성1동,상수도전용,02 5127283
3220000,2014,38,20141006,20141006,차이나타운,"서울특별시 강남구 봉은사로63길 7, A동 지상1층 103호 (삼성동, 수목빌딩)",서울특별시 강남구 삼성동  38번지 18호 A 수목빌딩 지상1층-103,3220000-101-1994-13039,중국식,자장면,37.87,삼성1동,상수도전용,02 5393222
3220000,2010,24,20100210,20100210,오발탄(주)오발탄에프에스,"서울특별시 강남구 삼성로 606, (삼성동,지상1,2층)","서울특별시 강남구 삼성동  71번지 14호  지상1,2층",3220000-101-1999-18938,한식,양대창구이,660.82,삼성1동,상수도전용,02 5438656
3220000,2010,62,20100730,20100915,가원,"서울특별시 강남구 광평로 234, (수서동,지상2,3층)","서울특별시 강남구 수서동  461번지 37호  지상2,3층",3220000-101-2007-00436,한식,오리구이,279.2,수서동,상수도전용,
3220000,2016,141,20161125,20161125,대흥정 엘에이 갈비,"서울특별시 강남구 광평로46길 5-4, 지상1층 (수서동)",서울특별시 강남구 수서동  448번지 4호  지상1층,3220000-101-2012-00939,한식,불고기,141.34,수서동,,
3220000,2010,20,20100210,20100210,아야진생태찌개,"서울특별시 강남구 삼성로108길 8, (삼성동,(101호))",서울특별시 강남구 삼성동  150번지 2호  (101호),3220000-101-2007-00781,한식,생태찌개,185.42,삼성1동,상수도전용,02  555 2680
3220000,2016,80,20161125,20161125,수림복국,"서울특별시 강남구 테헤란로77길 11-13, (삼성동,마룡빌딩지상1층)",서울특별시 강남구 삼성동  143번지 22호  마룡빌딩지상1층,3220000-101-2003-01030,한식,복어정식,148.76,삼성2동,상수도전용,5692209
3220000,2012,2,20120706,20120706,평가옥,"서울특별시 강남구 삼성로95길 37, (삼성동,지상1층)",서울특별시 강남구 삼성동  143번지 1호  지상1층,3220000-101-2007-00018,한식,냉면,215.02,삼성2동,상수도전용,
3220000,2016,86,20161125,20161125,바오바오,"서울특별시 강남구 봉은사로 516, 지하2층 B201호 (삼성동, 미켈란147)",서울특별시 강남구 삼성동  147번지 2호  ,3220000-101-2014-01154,중국식,팔보채,285.15,삼성1동,,
3220000,2010,60,20080630,20100210,(주)곰바위,"서울특별시 강남구 삼성로 542, (삼성동,지하1층,지상1층)","서울특별시 강남구 삼성동  151번지 4호  지하1층,지상1층",3220000-101-2007-00782,한식,양대창구이,432.16,삼성1동,상수도전용,02  552 7761
3220000,2016,85,20161125,20161125,황소곱창,"서울특별시 강남구 봉은사로82길 16, (삼성동,지상1층)",서울특별시 강남구 삼성동  145번지 29호  지상1층,3220000-101-2011-00583,한식,한우곱창,99,삼성1동,상수도전용,
3220000,2016,87,20161125,20161125,삼성동 명인등심,"서울특별시 강남구 봉은사로86길 30, (삼성동,지상2층)",서울특별시 강남구 삼성동  148번지 15호  지상2층,3220000-101-2002-00304,한식,한우특등심,264,삼성1동,상수도전용,02 5649049
3220000,2010,20,20100210,20100210,프로간장게장,"서울특별시 강남구 테헤란로83길 53, (삼성동)",서울특별시 강남구 삼성동  152번지 56호  ,3220000-101-1990-15766,한식,간장게장,71.39,삼성1동,상수도전용,02 5690860
3220000,2021,33,20211116,20211116,해랑,"서울특별시 강남구 봉은사로1길 39, 유성빌딩 지상2층 201호,202호 (논현동)",서울특별시 강남구 논현동  165번지 17호  유성빌딩,3220000-101-2022-00008,한식,해물탕,215.52,논현1동,,02  544 7270
3220000,2021,47,20211001,20211116,본가 신의주 찹쌀순대,"서울특별시 강남구 영동대로112길 6, (삼성동,지상1층)",서울특별시 강남구 삼성동  107번지 4호  지상1층,3220000-101-2006-00304,한식,,194.88,삼성1동,상수도전용,02 5164840
3220000,2021,48,20181001,20211116,나무(대치점),"서울특별시 강남구 선릉로86길 37, (대치동)",서울특별시 강남구 대치동  890번지 45호  ,3220000-101-1992-20440,한식,참치회,360.48,대치4동,상수도전용,
3220000,2021,49,20211001,20211116,이조식당,"서울특별시 강남구 봉은사로112길 28, (삼성동)",서울특별시 강남구 삼성동  165번지 15호  ,3220000-101-1990-15783,한식,광어회,94.8,삼성1동,상수도전용,02 5630623
3220000,2016,111,20161125,20161125,공수간 코엑스몰,"서울특별시 강남구 영동대로 513, 컨벤션센터동 지하1층 H116호 (삼성동, 코엑스몰)",서울특별시 강남구 삼성동  159번지  ,3220000-101-2014-01061,분식,"떡볶이, 순대, 김밥",65,삼성1동,,
3220000,2016,113,20161125,20161125,명동칼국수,"서울특별시 강남구 영동대로 513, 지하1층 O104호 (삼성동, 코엑스몰)",서울특별시 강남구 삼성동  159번지  지하1층,3220000-101-2014-00157,일식,"칼국수, 보쌈",160.61,삼성1동,,260026533
3220000,2016,112,20161125,20161125,도모다찌,"서울특별시 강남구 영동대로 513, 지하1층 L101호 (삼성동, 코엑스몰)",서울특별시 강남구 삼성동  159번지  지하1층,3220000-101-2000-21888,경양식,"돈가스, 초밥",69.75,삼성1동,상수도전용,260026243
3220000,2016,120,20161125,20161125,예가낙지마을,"서울특별시 강남구 영동대로 513, 지하1층 O-110호 (삼성동, 스타필드 코엑스몰)",서울특별시 강남구 삼성동  159번지  스타필드 코엑스몰 지하1층-O-110,3220000-101-2002-00617,한식,"낙지 볶음, 덮밥",69.75,삼성1동,,
3220000,2010,21,20100210,20100210,동경,"서울특별시 강남구 영동대로 513, 지하1층 J108호 (삼성동, 코엑스몰 )",서울특별시 강남구 삼성동  159번지 1호  코엑스몰 J198,3220000-101-2000-22001,분식,돈까스,72.85,삼성1동,상수도전용,260026460
3220000,2014,15,20141006,20141006,토말,"서울특별시 강남구 선릉로121길 13, 지상1, 2층 (논현동)",서울특별시 강남구 논현동  254번지 23호  ,3220000-101-2009-00927,한식,보리굴비,400,논현1동,상수도전용,
3220000,2010,53,20100210,20100210,조수사,"서울특별시 강남구 테헤란로14길 6, (역삼동)",서울특별시 강남구 역삼동  823번지 24호  ,3220000-101-1991-07598,일식,회,227.23,역삼1동,상수도전용,205641133
3220000,2010,11,20100210,20100210,토담골,"서울특별시 강남구 봉은사로37길 5, 태양빌딩 지하1층 (논현동)",서울특별시 강남구 논현동  236번지 4호  태양빌딩,3220000-101-1996-14164,한식,한정식,425.16,논현1동,상수도전용,02 5485121
3220000,2016,73,20161125,20161125,시골진지상,"서울특별시 강남구 삼성로 535, (삼성동)",서울특별시 강남구 삼성동  127번지 9호  ,3220000-101-1996-13914,한식,보리굴비정식,136.8,삼성2동,상수도전용,02 5553448
3220000,2013,7,20130710,20130710,무교동유정낙지청담점,"서울특별시 강남구 영동대로 732, (청담동)",서울특별시 강남구 청담동  131번지 10호  ,3220000-101-1994-17792,한식,낙지,82.59,청담동,상수도전용,02 5404362
3220000,2016,110,20161125,20161125,가득드림,"서울특별시 강남구 영동대로 513, 지하1층 M113호 (삼성동, 컨벤션센타 코엑스몰)",서울특별시 강남구 삼성동  159번지  지하1층,3220000-101-2014-00459,분식,도시락,39.2,삼성1동,,02  551 8288
3220000,2021,157,20211001,20211116,미로정,"서울특별시 강남구 테헤란로33길 19, (역삼동,지상2층)",서울특별시 강남구 역삼동  671번지 27호  지상2층,3220000-101-2007-00232,한식,부대찌개,129.2,역삼1동,상수도전용,
3220000,2022,205,20221104,20221104,한촌설렁탕 선릉역점,"서울특별시 강남구 선릉로86길 24, 지상2층 (대치동)",서울특별시 강남구 대치동  896번지  지상2층,3220000-101-2016-00463,한식,설렁탕,97.93,대치1동,,
3220000,2021,28,20181001,20211116,유장원보쌈,"서울특별시 강남구 학동로28길 5, (논현동,지상1,2층)","서울특별시 강남구 논현동  129번지 4호  지상1,2층",3220000-101-1993-07144,한식,"보쌈, 족발",255.23,논현1동,상수도전용,205165625
3220000,2022,290,20221104,20221104,강남어시장,"서울특별시 강남구 강남대로94길 88, 지상1층 102호 (역삼동)",서울특별시 강남구 역삼동  646번지 5호  ,3220000-101-2021-00693,한식,수산물(회),35.58,역삼1동,,
3220000,2010,3,20100210,20100210,원조닭칼국수,"서울특별시 강남구 논현로10길 13, (개포동,지상1층)",서울특별시 강남구 개포동  1193번지 7호  지상1층,3220000-101-2005-01017,분식,닭칼국수,86,개포4동,상수도전용,234614424
3220000,2022,219,20221104,20221104,국고집,"서울특별시 강남구 선릉로86길 30, 지하1층 (대치동)",서울특별시 강남구 대치동  896번지 16호  ,3220000-101-2019-00805,식육(숯불구이),"국밥, 소고기",175.71,대치1동,,
3220000,2010,4,20100210,20100210,김수사,"서울특별시 강남구 도산대로 132, (논현동)",서울특별시 강남구 논현동  4번지 19호  ,3220000-101-1986-19340,일식,"회,코스요리",107.83,논현1동,상수도전용,205475221
3220000,2022,267,20221104,20221104,박대박,"서울특별시 강남구 언주로172길 60, 지상1층 (신사동)",서울특별시 강남구 신사동  663번지 11호  ,3220000-101-2021-01254,한식,부대찌개,125.62,신사동,,
3220000,2021,24,20211001,20211116,청담항,"서울특별시 강남구 영동대로138길 9, 지상2층 202호 (청담동)",서울특별시 강남구 청담동  131번지 14호  ,3220000-101-2021-00800,일식,광어회,170,청담동,,
3220000,2010,58,20100210,20100210,뉴욕바닷가재청담점,"서울특별시 강남구 선릉로152길 5, (청담동,지상1층)",서울특별시 강남구 청담동  85번지 6호  지상1층,3220000-101-2002-00381,분식,바닷가재,145.71,청담동,,02 5470023
3220000,2022,301,20221104,20221104,무탄,"서울특별시 강남구 논현로176길 22, 1층 (신사동)",서울특별시 강남구 신사동  613번지 2호  ,3220000-101-2020-00358,중국식,"자장면, 짬뽕",270.04,신사동,,
3220000,2022,291,20221104,20221104,전주명가,"서울특별시 강남구 강남대로 314, 지상1층 (역삼동)",서울특별시 강남구 역삼동  837번지 12호  ,3220000-101-1995-14356,한식,감자탕,115.28,역삼1동,상수도전용,02 5555842
3220000,2022,299,20221104,20221104,계승집,"서울특별시 강남구 학동로2길 55, 환희빌딩 지상1층 (논현동)",서울특별시 강남구 논현동  163번지 12호  환희빌딩,3220000-101-2022-00463,한식,"우동, 불고기",255.03,논현1동,,02  511 7829
3220000,2022,295,20221104,20221104,명동칼국수샤브샤브,"서울특별시 강남구 언주로 427, (역삼동,1층역삼디오빌112호)",서울특별시 강남구 역삼동  720번지 25호  1층역삼디오빌112호,3220000-101-2010-00195,한식,칼국수,93.05,역삼2동,상수도전용,
3220000,2022,232,20221104,20221104,천미미,"서울특별시 강남구 강남대로152길 11, 지상1층 (신사동)",서울특별시 강남구 신사동  512번지 19호  ,3220000-101-2018-00079,중국식,자장면,235.69,신사동,,
3220000,2022,292,20221104,20221104,명가한식,"서울특별시 강남구 역삼로14길 6, 1층 (역삼동)",서울특별시 강남구 역삼동  834번지 48호  ,3220000-101-2018-00928,한식,삼겹살,97,역삼1동,,553 9800
3220000,2022,246,20221104,20221104,바다를 훔친 언니,"서울특별시 강남구 강남대로154길 12, (신사동)",서울특별시 강남구 신사동  512번지 1호  ,3220000-101-2009-01127,분식,"해물모둠, 전골",86.06,신사동,상수도전용,
3220000,2016,203,20161125,20161125,아오끼,"서울특별시 강남구 선릉로100길 30, (삼성동,지상1층)",서울특별시 강남구 삼성동  140번지 17호  지상1층,3220000-101-2001-24240,일식,회정식,314.05,삼성2동,상수도전용,02 5691586
3220000,2021,82,20110701,20211116,(주)도곡본점 해우리,"서울특별시 강남구 도곡로 116, 지하1층 (도곡동)",서울특별시 강남구 도곡동  942번지 1호  꿈이룸 명진타워,3220000-101-2019-00008,한식,한정식,471.26,도곡1동,,02  501 4997
3220000,2021,77,20211001,20211116,송화,"서울특별시 강남구 테헤란로19길 12, 1층 (역삼동)",서울특별시 강남구 역삼동  645번지 19호  ,3220000-101-2021-00171,한식,김치찜,132,역삼1동,,
3220000,2016,108,20161125,20161125,하동관,"서울특별시 강남구 영동대로 513, 지하1층 J-101호 (삼성동, 코엑스 기존컨벤션센터)",서울특별시 강남구 삼성동  159번지  코엑스 기존컨벤션센터 지하1-J-101,3220000-101-2014-01108,한식,한우곰탕,202.46,삼성1동,,
3220000,2017,454,20171010,20171124,두릉도원 북촌순두부,"서울특별시 강남구 학동로4길 15, 1층 107,108,109호 (논현동, 동화히스토리)",서울특별시 강남구 논현동  122번지 8호  동화히스토리 1층,3220000-101-2014-00888,한식,"순두부, 보쌈",129,논현1동,,02  565 2792
3220000,2021,307,20201001,20211116,토담골49번지,"서울특별시 강남구 삼성로 766, 유림빌딩 지하1층 (청담동)",서울특별시 강남구 청담동  49번지  유림빌딩,3220000-101-2018-00985,한식,정식,587.46,청담동,,
3220000,2017,470,20171010,20171124,연화산,"서울특별시 강남구 언주로93길 31, (역삼동,지상2층)",서울특별시 강남구 역삼동  677번지 1호  지상2층,3220000-101-2001-23941,중국식,중식,217.49,역삼1동,상수도전용,02 5585375
3220000,2021,203,20181001,20211116,천하일품추어탕,"서울특별시 강남구 언주로 508, (역삼동,상록회관지하1층)",서울특별시 강남구 역삼동  701번지 0호  상록회관지하1층,3220000-101-2002-01081,한식,추어탕,247.93,역삼1동,상수도전용,5019970
3220000,2010,39,20100210,20100210,내림손 삼계탕,"서울특별시 강남구 논현로 428, (역삼동,지상1층)",서울특별시 강남구 역삼동  726번지 15호  지상1층,3220000-101-2000-21727,한식,삼계탕,112,역삼2동,상수도전용,02 5547266
3220000,2021,309,20201001,20211116,아구본가 첨벙 신사본점,"서울특별시 강남구 강남대로150길 12, 지하1층나호, 1층나호 (논현동)",서울특별시 강남구 논현동  16번지 2호  ,3220000-101-1989-18099,한식,아귀찜,105.3,논현1동,상수도전용,205438873
3220000,2010,27,20100210,20100210,이즈미,"서울특별시 강남구 압구정로 165, (압구정동,현대백화점 05-7)",서울특별시 강남구 압구정동  429번지 0호  현대백화점 05-7,3220000-101-1985-07750,한식,생선회,340.5,신사동,상수도전용,234165811
3220000,2013,8,20130710,20130710,우밀가 상록점,"서울특별시 강남구 언주로 508, 지하1층 (역삼동)",서울특별시 강남구 역삼동  701번지 0호  ,3220000-101-2002-01031,한식,불고기,466.87,역삼1동,상수도전용,5602020
3220000,2021,83,20140901,20211116,무화잠,"서울특별시 강남구 강남대로 292, 뱅뱅빌딩 지하1층 (도곡동)",서울특별시 강남구 도곡동  943번지  뱅뱅빌딩,3220000-101-2020-01020,한식,오리,474.65,도곡1동,,
3220000,2021,85,20130710,20211116,금강수림,"서울특별시 강남구 강남대로 240, (도곡동,양재SK허브프리모 지하2층)",서울특별시 강남구 도곡동  953번지 1호  양재SK허브프리모 지하2층,3220000-101-2011-00829,한식,장어,284.81,도곡1동,,25779992
3220000,2010,61,20100730,20100915,진수사,"서울특별시 강남구 테헤란로37길 13-7, (역삼동)",서울특별시 강남구 역삼동  677번지 15호  ,3220000-101-1991-16138,일식,회,114,역삼1동,상수도전용,205613544
3220000,2021,333,20211001,20211116,햇무리,"서울특별시 강남구 테헤란로84길 25, (대치동)",서울특별시 강남구 대치동  956번지 15호  ,3220000-101-1993-00342,한식,고기덮밥,84.99,대치2동,상수도전용,
3220000,2015,5,20151106,20151106,단스시(논현점),"서울특별시 강남구 언주로 652, (논현동,지상2층)",서울특별시 강남구 논현동  238번지 0호  지상2층,3220000-101-2007-00170,일식,초밥,349.52,논현2동,상수도전용,234451114
3220000,2023,309,20231010,20231123,우리돈삼이,"서울특별시 강남구 테헤란로 147, 지하1층 1호 (역삼동)",서울특별시 강남구 역삼동  642번지 16호  ,3220000-101-2015-01046,한식,삼겹살,82.31,역삼1동,,
3220000,2010,56,20100210,20100210,옛날집,"서울특별시 강남구 선릉로148길 38, (청담동,지하1층)",서울특별시 강남구 청담동  20번지 12호  지하1층,3220000-101-2009-00332,한식,명란정식,160.64,청담동,상수도전용,02  549 7888
3220000,2016,163,20161125,20161125,양문(역삼점),"서울특별시 강남구 언주로93길 21, 1층 (역삼동, 남전타운)",서울특별시 강남구 역삼동  677번지 5호  ,3220000-101-2015-01126,기타,육개장,171.6,역삼1동,,
3220000,2017,475,20171010,20171124,두껍삼 역삼직영점,"서울특별시 강남구 테헤란로8길 17, 지상1, 2, 3층 (역삼동)",서울특별시 강남구 역삼동  823번지 12호  ,3220000-101-2016-01067,한식,삼겹살,796.32,역삼2동,,
3220000,2016,119,20161125,20161125,케르반레스토랑 코엑스점,"서울특별시 강남구 영동대로 513, 지하1층 H105호 (삼성동, 기존컨벤션센터)",서울특별시 강남구 삼성동  159번지 0호  기존컨벤션센터 지하1층-H105,3220000-101-2014-01136,경양식,"고기, 피자",216.11,삼성1동,,02  556 4746
3220000,2010,17,20100210,20100210,놀부보쌈과 부대찌게 삼성1호,"서울특별시 강남구 영동대로85길 7, (대치동)",서울특별시 강남구 대치동  947번지 1호  ,3220000-101-1996-14065,한식,보쌈,116.52,대치2동,상수도전용,02 5573848
3220000,2010,22,20100210,20100210,스카이라운지,"서울특별시 강남구 봉은사로 524, 28층 (삼성동, 코엑스인터컨티넨탈서울 )",서울특별시 강남구 삼성동  159번지  코엑스인터컨티넨탈서울 28층,3220000-101-1999-20288,경양식,스테이크,467.98,삼성1동,상수도전용,02 5597034
3220000,2013,144,20130710,20130710,브래서리,"서울특별시 강남구 봉은사로 524, 1층 (삼성동, 인터컨티넨탈 서울 코엑스)",서울특별시 강남구 삼성동  159번지  ,3220000-101-1899-20451,경양식,뷔페,950.66,삼성1동,상수도전용,
3220000,2013,4,20130710,20130710,하꼬네,"서울특별시 강남구 테헤란로 521, 지상1층 (삼성동, 인터콘티넨탈)",서울특별시 강남구 삼성동  159번지 8호  ,3220000-101-1988-07860,일식,하꼬네,1115,삼성1동,상수도전용,02 5597034
3220000,2010,22,20100210,20100210,아시안라이브,"서울특별시 강남구 봉은사로 524, 2층 (삼성동, 인터컨티넨탈 서울 코엑스)",서울특별시 강남구 삼성동  159번지  ,3220000-101-1999-20829,경양식,퓨전음식,1205.02,삼성1동,,2
3220000,2014,189,20141006,20141006,새마을식당,"서울특별시 강남구 봉은사로 210, (역삼동)",서울특별시 강남구 역삼동  651번지 1호  ,3220000-101-1987-07633,한식,고기구이,300.44,역삼1동,상수도전용,2
3220000,2023,296,20231010,20231123,영이네,"서울특별시 강남구 도곡로4길 19, 지상1층 (도곡동)",서울특별시 강남구 도곡동  944번지 9호  ,3220000-101-2018-00169,기타,분식 및 즉석떡볶이,212.44,도곡1동,,
3220000,2023,300,20231010,20231123,영암집,"서울특별시 강남구 강남대로124길 49, (논현동,지상1층)",서울특별시 강남구 논현동  138번지 14호  지상1층,3220000-101-2004-01333,분식,소고기,66.66,논현1동,상수도전용,5464198
3220000,2023,301,20231010,20231123,만두의 전설,"서울특별시 강남구 학동로 158, (논현동)",서울특별시 강남구 논현동  127번지 0호  ,3220000-101-1993-06484,분식,만두,47.03,논현1동,상수도전용,205492473
3220000,2023,302,20231010,20231123,언양불고기,"서울특별시 강남구 학동로2길 15, 1층 (논현동)",서울특별시 강남구 논현동  141번지 5호  ,3220000-101-1990-17870,한식,소고기,144.64,논현1동,상수도전용,02 5482684
3220000,2023,298,20231010,20231123,리브팜 압구정,"서울특별시 강남구 압구정로18길 7, 정인빌딩 지상1층 (신사동)",서울특별시 강남구 신사동  571번지  정인빌딩,3220000-101-2023-00555,패밀리레스트랑,샐러드,133.58,신사동,,02  60818179
3220000,2023,303,20231010,20231123,골목길,"서울특별시 강남구 언주로149길 5-4, 지상1층 (논현동)",서울특별시 강남구 논현동  63번지 10호  ,3220000-101-1990-16720,한식,조개찜,147.6,논현1동,상수도전용,02 5441452
3220000,2023,304,20231010,20231123,꽃지삼성,"서울특별시 강남구 봉은사로 610, (삼성동)",서울특별시 강남구 삼성동  160번지 18호  ,3220000-101-1996-20018,한식,간장게장,198.62,삼성1동,상수도전용,02 5554185
3220000,2023,305,20231010,20231123,초심한우 정육식당,"서울특별시 강남구 언주로148길 27, 1,2층 (논현동)",서울특별시 강남구 논현동  96번지 1호  ,3220000-101-2017-01249,정종/대포집/소주방,소고기,199.04,논현1동,,
3220000,2023,307,20231010,20231123,노다지 삼겹살,"서울특별시 강남구 삼성로64길 49, (대치동)",서울특별시 강남구 대치동  977번지 15호  ,3220000-101-1999-19790,한식,"삼겹살, 차돌박이",96.82,대치1동,상수도전용,02 5541463
3220000,2023,308,20231010,20231123,사조참치삼성점,"서울특별시 강남구 영동대로86길 17, (대치동)",서울특별시 강남구 대치동  996번지 16호  ,3220000-101-1992-07497,일식,참치회,192.4,대치1동,상수도전용,02 5614504
3220000,2016,168,20161125,20161125,호보식당,"서울특별시 강남구 논현로85길 43, (역삼동,지하1층)",서울특별시 강남구 역삼동  741번지 12호  지하1층,3220000-101-2005-00354,한식,삼겹살,271.07,역삼1동,상수도전용,02  565 5505
3220000,2010,58,20100210,20100210,(주)청담푸드빌(청담복집)(신의주찹쌀순대),"서울특별시 강남구 영동대로 725, (청담동)",서울특별시 강남구 청담동  68번지 7호  ,3220000-101-1985-16486,한식,순대,857.93,청담동,상수도전용,02 5119081
3220000,2022,303,20221104,20221104,보슬보슬 압구정본점,"서울특별시 강남구 압구정로 216, 코끼리상가 지상1층 16,17,18,19호 (신사동)",서울특별시 강남구 신사동  615번지 1호  코끼리상가,3220000-101-2022-00484,한식,"김밥, 분식류",138.15,신사동,,
3220000,2022,324,20221104,20221104,남도랑,"서울특별시 강남구 역삼로5길 5, (역삼동,지상1층)",서울특별시 강남구 역삼동  830번지 22호  지상1층,3220000-101-2007-00062,한식,매운탕,141.16,역삼1동,상수도전용,
3220000,2021,4,20211116,20211116,논골집,"서울특별시 강남구 논현로12길 16, 지상1층 (개포동)",서울특별시 강남구 개포동  1197번지  ,3220000-101-1998-19125,한식,"갈비, 안창살 구이",148.5,개포1동,상수도전용,02 5499930
3220000,2022,252,20221104,20221104,해남집,"서울특별시 강남구 강남대로160길 16, (신사동,지상1층)",서울특별시 강남구 신사동  508번지 3호  지상1층,3220000-101-2004-01318,한식,남도음식,125.62,신사동,상수도전용,02 5177050
3220000,2022,330,20221104,20221104,윤화돈까스 기사식당,"서울특별시 강남구 도곡로 221, (역삼동,셀라빌딩1층)",서울특별시 강남구 역삼동  787번지 12호  셀라빌딩1층,3220000-101-2011-00213,한식,돈까스,214.5,역삼2동,상수도전용,
3220000,2010,58,20100210,20100210,카페비스타,"서울특별시 강남구 영동대로 737, (청담동,지상1층)",서울특별시 강남구 청담동  53번지 7호  지상1층,3220000-101-1999-20198,경양식,한우우거지,471,청담동,상수도전용,02 5413111
3220000,2010,58,20100210,20100210,와인앤다인,"서울특별시 강남구 영동대로 737, (청담동,1층)",서울특별시 강남구 청담동  53번지 7호  1층,3220000-101-1987-07219,한식,삭스핀,489.05,청담동,상수도전용,02 5413111
3220000,2022,222,20221104,20221104,대운정,"서울특별시 강남구 헌릉로569길 9, 2층 201호 (세곡동, 강남지웰파인즈)",서울특별시 강남구 세곡동  587번지  ,3220000-101-2017-00224,일식,초밥정식,128.2,세곡동,,
3220000,2019,359,20190930,20191128,남도사계고운님,"서울특별시 강남구 삼성로81길 22, 한정빌딩 지상2층 (대치동)",서울특별시 강남구 대치동  894번지 5호  한정빌딩,3220000-101-2018-01208,한식,"도다리,전어,생굴",298.49,대치1동,,02  562 9292
3220000,2015,4,20151106,20151106,주식회사 원강,"서울특별시 강남구 학동로6길 16, (논현동,1층)",서울특별시 강남구 논현동  122번지 18호  1층,3220000-101-2011-00859,한식,소고기 등심 구이,141,논현1동,,34451598
3220000,2010,56,20100210,20100210,무등산,"서울특별시 강남구 선릉로146길 3, (청담동,지상1,2,3층)","서울특별시 강남구 청담동  1번지 15호  지상1,2,3층",3220000-101-1999-19860,한식,고기구이,466.9,청담동,상수도전용,02 5184001
3220000,2019,376,20191128,20190930,오레노카츠,"서울특별시 강남구 삼성로81길 37, 1층 (대치동)",서울특별시 강남구 대치동  901번지 38호  1층,3220000-101-2013-01039,한식,수제생돈가스,117,대치4동,,02  565 5123
3220000,2014,16,20141006,20141006,(주)아리양,"서울특별시 강남구 봉은사로 317, (논현동,지상1층)",서울특별시 강남구 논현동  277번지 20호  지상1층,3220000-101-2011-00759,한식,양대창,312,논현1동,,
3220000,2015,6,20151106,20151106,이남장영동점,"서울특별시 강남구 봉은사로108길 21, (삼성동)",서울특별시 강남구 삼성동  165번지 12호  ,3220000-101-1993-15651,한식,설렁탕,99.93,삼성1동,상수도전용,205698726
3220000,2010,24,20100210,20100210,수서골목냉면,"서울특별시 강남구 광평로 232, (수서동,지상1층)",서울특별시 강남구 수서동  462번지 5호  지상1층,3220000-101-2001-24211,한식,냉면,99.21,수서동,상수도전용,02 4517157
3220000,2010,24,20100210,20100210,일미원,,"서울특별시 강남구 수서동  산 449번지 15호  지상1층,지하1층",3220000-101-2001-23872,한식,복,211.57,수서동,,234120084
3220000,2010,26,20100210,20100210,최가네버섯매운탕칼국수,"서울특별시 강남구 도산대로51길 36, (신사동,지상2,3층)","서울특별시 강남구 신사동  655번지 0호  지상2,3층",3220000-101-2005-00157,한식,버섯칼국수,284.78,압구정동,상수도전용,02 5477676
3220000,2010,25,20100210,20100210,오미가,"서울특별시 강남구 논현로 833, (신사동)",서울특별시 강남구 신사동  585번지 0호  ,3220000-101-1998-00561,한식,한정식,337.43,신사동,상수도전용,02 5431145
3220000,2016,151,20161125,20161125,(주)정성담에프앤비,"서울특별시 강남구 언주로173길 8, 1층 (신사동)",서울특별시 강남구 신사동  617번지 9호  ,3220000-101-2003-00336,한식,한정식,179.58,신사동,상수도전용,54580765
3220000,2010,25,20100210,20100210,한일관,"서울특별시 강남구 압구정로38길 14, (신사동,지하1,지상1~5층)","서울특별시 강남구 신사동  619번지 4호  지하1,지상1~5층",3220000-101-2008-00986,한식,"한정식,불고기,갈비탕,비빔밥,냉면",2054.77,압구정동,상수도전용,02  733 5333
3220000,2010,25,20100210,20100210,옛날집 도산사거리점,"서울특별시 강남구 언주로153길 12, (신사동,지하1층)",서울특별시 강남구 신사동  626번지 70호  지하1층,3220000-101-2003-00911,중국식,된장찌개,423,압구정동,상수도전용,5155867
3220000,2010,25,20100210,20100210,연타발,"서울특별시 강남구 도산대로 231, (신사동,지상2,3층)","서울특별시 강남구 신사동  629번지 32호  지상2,3층",3220000-101-2006-00728,경양식,곱창,710.04,압구정동,상수도전용,02  545 4248
3220000,2010,13,20100210,20100210,한우리외식산업(주),"서울특별시 강남구 도산대로 304, (논현동)",서울특별시 강남구 논현동  91번지 18호  ,3220000-101-1984-16854,한식,,1729.1,논현2동,상수도전용,02 5453336
3220000,2010,14,20100210,20100210,마산아구찜,"서울특별시 강남구 남부순환로 2915, (대치동,지상2층)",서울특별시 강남구 대치동  628번지 0호  지상2층,3220000-101-2001-24436,한식,,148.5,대치1동,상수도전용,02 5562945
3220000,2010,52,20100210,20100210,화기애애(강남1호점),"서울특별시 강남구 강남대로106길 12, (역삼동,지하1, 지상1,2,3층)","서울특별시 강남구 역삼동  813번지 1호  지하1, 지상1,2,3층",3220000-101-2008-00535,분식,갈비살,359.76,역삼1동,상수도전용,
3220000,2014,159,20141006,20141006,봉우리,"서울특별시 강남구 논현로94길 25-3, (역삼동)",서울특별시 강남구 역삼동  670번지 20호  ,3220000-101-2013-00748,한식,한정식,594.02,역삼1동,,
3220000,2021,308,20201001,20211116,애란궁,"서울특별시 강남구 광평로 220-12, 지1층,지상1층 (수서동)","서울특별시 강남구 수서동  490번지 4호  지하1,지상1",3220000-101-2013-00075,한식,,218.6,수서동,,
3220000,2021,232,20181001,20211116,신복면관,"서울특별시 강남구 테헤란로4길 6, 지하1층 B126,127호 (역삼동, 센트럴애비뉴)",서울특별시 강남구 역삼동  825번지 19호  ,3220000-101-2015-01170,한식,,110.14,역삼1동,,25631520
3220000,2016,126,20161125,20161125,고궁수라간 코엑스점,"서울특별시 강남구 테헤란로87길 22, 지하1층 Q104호 (삼성동)",서울특별시 강남구 삼성동  159번지 6호  ,3220000-101-2014-00847,한식,전주전통비빔밥,65.62,삼성1동,,
3220000,2016,123,20161125,20161125,소풍,"서울특별시 강남구 테헤란로87길 22, 지하1층 Q101호 (삼성동, 한국도심공항터미널)",서울특별시 강남구 삼성동  159번지 6호  한국도심공항터미널 지하1층-Q101,3220000-101-2014-00907,분식,김밥,65.62,삼성1동,,
3220000,2016,125,20161125,20161125,쭈불앤쭈불,"서울특별시 강남구 테헤란로87길 22, 지하1층 Q121호 (삼성동, 한국도심공항터미널)",서울특별시 강남구 삼성동  159번지 6호  한국도심공항터미널 지하1층-Q121,3220000-101-2014-00940,한식,쭈꾸미소불고기,71.23,삼성1동,,
3220000,2014,29,20141001,20141006,(주)광양불고기본가,"서울특별시 강남구 테헤란로 124, 삼원타워 지상1층,2층 102호,201호 (역삼동)",서울특별시 강남구 역삼동  823번지  삼원타워,3220000-101-2004-00775,한식,불고기,669.51,역삼1동,상수도전용,02 5675877
3220000,2014,44,20141006,20141006,통영집,"서울특별시 강남구 논현로 511, (역삼동,지하1층)",서울특별시 강남구 역삼동  641번지 20호  지하1층,3220000-101-2010-00211,한식,생선,281.7,역삼1동,상수도전용,
3220000,2021,311,20201001,20211116,영동올뱅이집,"서울특별시 강남구 개포로22길 16, (개포동,지상1층)",서울특별시 강남구 개포동  1231번지 7호  지상1층,3220000-101-2003-00919,한식,국밥,140,개포4동,상수도전용,5733528
3220000,2010,61,20100730,20100915,노란상 소갈비 강남직영점,"서울특별시 강남구 테헤란로8길 11-7, (역삼동)",서울특별시 강남구 역삼동  823번지 6호  ,3220000-101-1991-17748,일식,삼겹살 구이,149.4,역삼1동,상수도전용,02 5652145
3220000,2012,8,20120706,20120706,신의주찹쌀순대,"서울특별시 강남구 양재대로27길 6, (일원동,지상1층)",서울특별시 강남구 일원동  685번지 7호  지상1층,3220000-101-2010-00937,한식,순대국밥,102.47,일원1동,상수도전용,
3220000,2016,175,20161125,20161125,백억하누,"서울특별시 강남구 테헤란로5길 29, 1,2층 (역삼동)",서울특별시 강남구 역삼동  817번지 26호  ,3220000-101-2014-01259,한식,한우불고기,257.73,역삼1동,,
3220000,2010,3,20100210,20100210,황금돼지,"서울특별시 강남구 개포로24길 5, 1층 (개포동)",서울특별시 강남구 개포동  1216번지 10호  ,3220000-101-1993-15116,한식,구이,114.33,개포1동,상수도전용,02 5776667
3220000,2016,121,20161112,20161125,반하는 보쌈&밥상,"서울특별시 강남구 영동대로 513, 지하1층 M103호 (삼성동, 컨벤션센터 코엑스몰)",서울특별시 강남구 삼성동  159번지 1호  컨벤션센터 코엑스몰 지하1층-M103,3220000-101-2006-00879,한식,보쌈,78.3,삼성1동,상수도전용,
3220000,2014,40,20141006,20141006,압구정 샤브샤브,"서울특별시 강남구 논현로175길 42, 지상2층 (신사동)",서울특별시 강남구 신사동  574번지 5호  지상2층,3220000-101-2011-01085,한식,샤브샤브,159,신사동,,02  515 2526
3220000,2017,466,20171010,20171124,금수복국 압구정점,"서울특별시 강남구 언주로 821, 지상2,3층 (신사동)",서울특별시 강남구 신사동  627번지 13호  ,3220000-101-2017-00117,한식,복요리,519.1,신사동,,02  542 5482
3220000,2014,6,20141006,20141006,리엔,"서울특별시 강남구 개포로28길 9, 지상1층 (개포동)","서울특별시 강남구 개포동  1214번지 1,8호  지상1층",3220000-101-2000-21216,중국식,자장면,202,개포4동,상수도전용,02 5764888
3220000,2010,18,20100210,20100210,코너스톤,"서울특별시 강남구 테헤란로 606, (대치동,지상1층)",서울특별시 강남구 대치동  995번지 14호  지상1층,3220000-101-2005-00218,경양식,파스타,654.25,대치2동,상수도전용,02 5015487
3220000,2010,18,20100210,20100210,더라운지,"서울특별시 강남구 테헤란로 606, (대치동,지상22,23층)","서울특별시 강남구 대치동  995번지 14호  지상22,23층",3220000-101-2005-00246,경양식,갈비 등,240.35,대치2동,상수도전용,02 5015487
3220000,2010,18,20100210,20100210,더팀버하우스,"서울특별시 강남구 테헤란로 606, (대치동,지하2층)",서울특별시 강남구 대치동  995번지 14호  지하2층,3220000-101-2005-00245,경양식,스시,369.61,대치2동,상수도전용,02 5015487
3220000,2023,310,20231010,20231123,대가방,"서울특별시 강남구 봉은사로 333, 지상1층 101호,102호일부호 (논현동, 선정릉역 모아엘가 퍼스트 홈)",서울특별시 강남구 논현동  278번지 4호  선정릉역 모아엘가 퍼스트 홈,3220000-101-2023-00616,중국식,"자장면, 짬뽕",495.8,논현1동,,02  544 6336
3220000,2014,33,20141006,20141006,잰부닥,"서울특별시 강남구 강남대로42길 13, (도곡동,지상1층)",서울특별시 강남구 도곡동  954번지 13호  지상1층,3220000-101-2004-01195,한식,삼겹살,236.87,도곡1동,상수도전용,02 5775046
3220000,2023,311,20231010,20231123,수백당 삼성동점,"서울특별시 강남구 선릉로 604, 지상1층 101호 (삼성동, 호산프라자)",서울특별시 강남구 삼성동  37번지  호산프라자,3220000-101-2023-00290,한식,순대전골,208.26,삼성1동,,
3220000,2023,312,20231010,20231123,석기정,"서울특별시 강남구 테헤란로84길 23, (대치동)",서울특별시 강남구 대치동  956번지 13호  ,3220000-101-1997-13688,경양식,돌솥부대찌개,78.97,대치4동,상수도전용,02 5566679
3220000,2023,314,20231010,20231123,유다까,"서울특별시 강남구 봉은사로 312, 지상1층 101호,2층 201호,202호 (역삼동, 역삼동 하나빌)",서울특별시 강남구 역삼동  681번지 26호  역삼동 하나빌,3220000-101-1994-19307,일식,회,239.22,역삼1동,상수도전용,02 5167012
3220000,2023,315,20231010,20231123,어방참치,"서울특별시 강남구 삼성로84길 32, (대치동)",서울특별시 강남구 대치동  956번지 21호  ,3220000-101-1991-19345,일식,참치회,81.14,대치2동,상수도전용,02 5582986
3220000,2023,316,20231010,20231123,베이징코야강남점,"서울특별시 강남구 논현로86길 20, (역삼동,지상1층)",서울특별시 강남구 역삼동  725번지 9호  지상1층,3220000-101-2010-00965,중국식,북경오리,484.64,역삼1동,상수도전용,
3220000,2023,317,20231010,20231123,바다풍경,"서울특별시 강남구 테헤란로113길 13, 칠성빌딩 지상1층 (삼성동)",서울특별시 강남구 삼성동  170번지 11호  칠성빌딩,3220000-101-2011-00694,일식,회,346.32,삼성1동,상수도전용,
3220000,2016,68,20161125,20161125,일공,"서울특별시 강남구 영동대로112길 61, 지상3층 (삼성동)",서울특별시 강남구 삼성동  101번지 9호  ,3220000-101-2013-00130,중국식,자장면,139.5,삼성1동,,
3220000,2023,318,20231010,20231123,어원,"서울특별시 강남구 삼성로58길 13, 지상2층 (대치동)",서울특별시 강남구 대치동  989번지 7호  ,3220000-101-2019-00924,일식,생선구이,113.4,대치1동,,02  501 3392
3220000,2014,34,20141006,20141006,신촌설렁탕,"서울특별시 강남구 선릉로 530, (삼성동,지상2층)",서울특별시 강남구 삼성동  140번지  지상2층,3220000-101-2010-01102,한식,설렁탕,209.99,삼성2동,,
3220000,2023,319,20231010,20231123,현 우동,"서울특별시 강남구 논현로149길 53, 1층 101호 (논현동)",서울특별시 강남구 논현동  11번지 1호  ,3220000-101-2018-00354,일식,우동,85.8,논현1동,,
3220000,2016,70,20161125,20161125,수담,"서울특별시 강남구 봉은사로 418, 지하1층 1호 (삼성동, 에이치에스타워)",서울특별시 강남구 삼성동  113번지 0호  에이치에스타워 지하1층-1,3220000-101-2014-00729,한식,한정식,766.19,삼성1동,,
3220000,2023,320,20231010,20231123,셀럽 앤 어？,"서울특별시 강남구 언주로 711, (논현동,지하1층)",서울특별시 강남구 논현동  71번지 2호  지하1층,3220000-101-2007-01038,뷔페식,뷔페,1145.52,논현2동,상수도전용,02  545 2222
3220000,2013,2,20130710,20130710,홍백,"서울특별시 강남구 삼성로 571, 지상1,2층 (삼성동)","서울특별시 강남구 삼성동  119번지 9호  지상1,2층",3220000-101-2011-01137,한식,한우구이,678.21,삼성2동,,
3220000,2023,321,20231010,20231123,하우마라탕,"서울특별시 강남구 강남대로94길 23, (역삼동)",서울특별시 강남구 역삼동  818번지 7호  ,3220000-101-1999-19028,중국식,마라탕,110.15,역삼1동,상수도전용,02 5657117
3220000,2016,72,20161125,20161125,대도식당,"서울특별시 강남구 삼성로 545, 1,2,3층 (삼성동)",서울특별시 강남구 삼성동  127번지 3호  ,3220000-101-2002-01099,한식,한구 구이,726.9,삼성1동,상수도전용,5612283
3220000,2011,3,20111230,20111230,해초록 사랑,"서울특별시 강남구 삼성로 539, (삼성동,지하1층)",서울특별시 강남구 삼성동  127번지 8호  지하1층,3220000-101-2007-00881,일식,활어회,322.5,삼성2동,상수도전용,5535570
3220000,2019,361,20190930,20191128,정참치,"서울특별시 강남구 삼성로81길 22, 한정빌딩 지상1층 103호 (대치동)",서울특별시 강남구 대치동  894번지 5호  한정빌딩,3220000-101-2019-00214,일식,참치,108.9,대치1동,,
3220000,2019,366,20191128,20190930,하루,"서울특별시 강남구 언주로172길 56, (신사동,1층)",서울특별시 강남구 신사동  663번지 9호  1층,3220000-101-1999-19025,분식,"돈가스,메밀",30.34,압구정동,상수도전용,02 5145557
3220000,2019,369,20191128,20190930,그림나베 학동역점,"서울특별시 강남구 논현로132길 29, 1층 (논현동)",서울특별시 강남구 논현동  85번지 1호  ,3220000-101-2018-00845,일식,"스키야키,밀푀유나베",79.3,논현1동,,
3220000,2019,371,20191128,20190930,흥부이가,"서울특별시 강남구 테헤란로4길 38-5, 지상1층 (역삼동)",서울특별시 강남구 역삼동  826번지 39호  ,3220000-101-1998-22795,한식,소한마리 소고기,104,역삼1동,상수도전용,
3220000,2019,372,20101128,20190930,교대이층집강남역점,"서울특별시 강남구 강남대로78길 14, 2층 (역삼동)",서울특별시 강남구 역삼동  831번지 25호  ,3220000-101-1998-12689,중국식,꽃삼겹,206.37,역삼2동,상수도전용,2
3220000,2019,375,20191128,20190930,닭갈비두목,"서울특별시 강남구 논현로75길 13, (역삼동)",서울특별시 강남구 역삼동  747번지 10호  ,3220000-101-1998-13527,한식,"닭갈비,부대찌개",81.77,역삼1동,상수도전용,02 5649657
3220000,2019,378,20191128,20190930,향촌면옥,"서울특별시 강남구 압구정로29길 72-1, 지상1층 B2호 (압구정동)",서울특별시 강남구 압구정동  454번지  ,3220000-101-1978-17321,한식,냉면,67.75,압구정동,상수도전용,205467542
3220000,2019,380,20191128,20190930,(주)도라후구현복집,"서울특별시 강남구 도산대로50길 14, 지상1,2층 (논현동)","서울특별시 강남구 논현동  96번지 15호  지상1,2층",3220000-101-1999-20619,한식,복,245.97,논현1동,상수도전용,02 5116888
3220000,2021,303,20201001,20211116,파파호,"서울특별시 강남구 영동대로137길 3, (청담동)",서울특별시 강남구 청담동  71번지 20호  ,3220000-101-1984-16573,한식,,96.39,청담동,상수도전용,
3220000,2010,24,20100210,20100210,주식회사곰바우,"서울특별시 강남구 영동대로115길 10, 지하1층, 지상1층 (삼성동)",서울특별시 강남구 삼성동  76번지 10호  ,3220000-101-1984-15873,한식,양대창구이,155.81,삼성1동,상수도전용,02 5497513
3220000,2021,321,20211001,20211116,와인주막차차 압구정점,"서울특별시 강남구 언주로172길 59, 지상2층 (신사동)",서울특별시 강남구 신사동  662번지 11호  ,3220000-101-2014-00681,한식,고기구이,161,신사동,,
3220000,2021,22,20181001,20211116,배정철 어도,"서울특별시 강남구 언주로148길 14, 1층 (논현동)",서울특별시 강남구 논현동  98번지 12호  ,3220000-101-1994-07831,일식,샤브샤브,199.91,논현1동,상수도전용,2
3220000,2021,296,20201001,20211116,텐파 마라탕 마라샹꿔,"서울특별시 강남구 압구정로79길 49, 지상1층 (청담동)",서울특별시 강남구 청담동  126번지 7호  ,3220000-101-2018-00088,한식,마라탕,56.43,청담동,,02  515 1100
3220000,2021,297,20201001,20211116,다정한상,"서울특별시 강남구 언주로 118, 지하1층 13호 (도곡동, 우성캐릭터199)",서울특별시 강남구 도곡동  467번지 24호  우성캐릭터199,3220000-101-2020-00161,한식,백반,117.53,도곡1동,,
3220000,2021,298,20201001,20211116,주식회사 양인환대(본점),"서울특별시 강남구 강남대로42길 17, (도곡동,지상1,2층)","서울특별시 강남구 도곡동  954번지 16호  지상1,2층",3220000-101-2001-24222,한식,양갈비,245.29,도곡1동,상수도전용,220572412
3220000,2021,300,20201001,20211116,분짜라붐 역삼점,"서울특별시 강남구 테헤란로25길 13, 1,2층 (역삼동)",서울특별시 강남구 역삼동  644번지 10호  ,3220000-101-2017-01013,기타,분짜,186.24,역삼1동,,
3220000,2021,302,20201001,20211116,백년육일집,"서울특별시 강남구 언주로 430, 윤익빌딩 1층 101호 (역삼동)",서울특별시 강남구 역삼동  706번지 13호  윤익빌딩,3220000-101-2017-01266,한식,곰탕,178.47,역삼1동,,
3220000,2021,304,20200101,20211116,대찬횟집,"서울특별시 강남구 선릉로86길 16-3, 지하1층 (대치동)",서울특별시 강남구 대치동  897번지 23호  ,3220000-101-2017-00654,일식,"광어, 우럭",148.32,대치1동,,
3220000,2021,312,20201001,20211116,(주)닭으로가,"서울특별시 강남구 언주로172길 55, (신사동,(지상1층))",서울특별시 강남구 신사동  662번지 6호  (지상1층),3220000-101-2000-22512,한식,닭갈비,165.3,압구정동,상수도전용,2
3220000,2021,305,20201001,20211116,막둥이냉면,"서울특별시 강남구 삼성로 307, (대치동,지상1층)",서울특별시 강남구 대치동  941번지 16호  지상1층,3220000-101-2002-00675,호프/통닭,냉면,59.04,대치4동,상수도전용,5573188
3220000,2021,313,20201001,20211116,그랜드키친,"서울특별시 강남구 테헤란로 521, 지상1층 (삼성동)",서울특별시 강남구 삼성동  159번지 8호  지상1층,3220000-101-1988-07223,뷔페식,뷔페,1683,삼성1동,상수도전용,200000000
3220000,2021,306,20201001,20211116,아선재,"서울특별시 강남구 영동대로 333, 동원빌딩 지하1층 (대치동)",서울특별시 강남구 대치동  968번지 4호  동원빌딩,3220000-101-2019-00888,한식,한정식,702.31,대치1동,,02  63391112
3220000,2021,316,20201001,20211116,추풍령칼삼겹살,"서울특별시 강남구 도산대로51길 41, (신사동)",서울특별시 강남구 신사동  657번지 21호  ,3220000-101-1997-20601,한식,"삼겹살, 샤브샤브",35.28,압구정동,상수도전용,
3220000,2021,319,20211001,20211116,순리대로,"서울특별시 강남구 논현로28길 13, 지상1층 (도곡동)",서울특별시 강남구 도곡동  518번지 4호  ,3220000-101-2020-00480,한식,순대국밥,227.8,도곡1동,,
3220000,2021,320,20201001,20211116,동천홍 학동점,"서울특별시 강남구 논현로132길 29, 지상2층 (논현동)",서울특별시 강남구 논현동  85번지 1호  ,3220000-101-2012-00223,한식,"자장면, 짬뽕",216.53,논현2동,,
3220000,2021,323,20211001,20211116,닭한마리 감자탕,"서울특별시 강남구 강남대로152길 14, (신사동,1층)",서울특별시 강남구 신사동  513번지 2호  1층,3220000-101-2001-24264,한식,감자탕,128.7,신사동,상수도전용,
3220000,2021,326,20211001,20211116,취향의공간,"서울특별시 강남구 도산대로1길 16, (신사동)",서울특별시 강남구 신사동  511번지 19호  ,3220000-101-1991-13023,한식,두부김치,95.72,신사동,상수도전용,2
3220000,2021,329,20211001,20211116,봉추찜닭주공공이,"서울특별시 강남구 강남대로 442, (역삼동,흥국빌딩별관2층)",서울특별시 강남구 역삼동  814번지 5호  흥국빌딩별관2층,3220000-101-2001-24054,한식,찜닭,84,역삼1동,상수도전용,02 5654593
3220000,2021,331,20211001,20211116,대가,"서울특별시 강남구 봉은사로4길 22, 지상1층 (역삼동)",서울특별시 강남구 역삼동  810번지 13호  ,3220000-101-2011-00708,한식,만두전골,110,역삼1동,,
3220000,2010,20,20100210,20100210,남도구들 한정식,"서울특별시 강남구 테헤란로 437, (삼성동)",서울특별시 강남구 삼성동  144번지 22호  ,3220000-101-1994-14818,한식,해초남도음식,357.2,삼성2동,상수도전용,02 5628800
3220000,2011,6,20110816,20110816,대우식당,"서울특별시 강남구 테헤란로25길 34, (역삼동,지상1층)",서울특별시 강남구 역삼동  641번지 18호  지상1층,3220000-101-2004-00963,분식,부대찌개,201.65,역삼1동,상수도전용,02 5537118
3220000,2014,156,20141006,20141006,(주)평가옥 푸드시스템 역삼점,"서울특별시 강남구 논현로 519, 지하1, 지상1층 (역삼동)","서울특별시 강남구 역삼동  641번지 8호  지하1, 지상1",3220000-101-2013-00982,한식,냉면,193.64,역삼1동,,
3220000,2016,155,20161125,20161125,예담한우,"서울특별시 강남구 테헤란로25길 28, (역삼동,충암빌딩 지상1층)",서울특별시 강남구 역삼동  641번지 16호  충암빌딩 지상1층,3220000-101-2008-00363,한식,고기구이,257.25,역삼1동,상수도전용,
3220000,2010,29,20100210,20100210,강가,"서울특별시 강남구 논현로 508, (역삼동,GS타워 지하1층)",서울특별시 강남구 역삼동  679번지 0호  GS타워 지하1층,3220000-101-2007-01035,경양식,커리,122.34,역삼1동,상수도전용,02  20050610
3220000,2016,165,20161125,20161125,꽃새우 영번지,"서울특별시 강남구 언주로 536, (역삼동,1층)",서울특별시 강남구 역삼동  689번지 6호  1층,3220000-101-2011-00666,한식,새우구이,165,역삼1동,상수도전용,
3220000,2010,38,20100210,20100210,강남목장,"서울특별시 강남구 논현로86길 34, (역삼동,지상1층)",서울특별시 강남구 역삼동  725번지 25호  지상1층,3220000-101-2001-23560,한식,생고기 구이,360,역삼2동,상수도전용,2
3220000,2010,39,20100210,20100210,루안,"서울특별시 강남구 논현로 430, (역삼동)",서울특별시 강남구 역삼동  726번지  ,3220000-101-1992-12883,중국식,중국요리,509,역삼2동,상수도전용,02 5625566
3220000,2021,315,20201001,20211116,압구정제주집(狎鷗亭濟州緝),"서울특별시 강남구 논현로152길 36, 지상1층 (신사동)",서울특별시 강남구 신사동  588번지 12호  ,3220000-101-2020-00574,한식,"삼겹살, 특수부위",67.01,신사동,,
3220000,2023,297,20231010,20231123,구이가,"서울특별시 강남구 광평로56길 14, (수서동,지상1층)",서울특별시 강남구 수서동  726번지 3호  지상1층,3220000-101-2009-00318,경양식,한식,140,수서동,상수도전용,
3220000,2016,5,20161125,20161125,리미티드 하누 Limited HANU,"서울특별시 강남구 논현로10길 29, 지상2층 (개포동)",서울특별시 강남구 개포동  1197번지 2호  지상2층,3220000-101-2013-00224,한식,한정식,532,개포4동,,02  34950092
3220000,2021,330,20211001,20211116,삼식이감자탕,"서울특별시 강남구 역삼로19길 9, (역삼동,지상1층)",서울특별시 강남구 역삼동  748번지 26호  지상1층,3220000-101-2011-00613,한식,,160,역삼1동,상수도전용,
3220000,2010,61,20100730,20100915,임고집 한우＆보쌈마을,"서울특별시 강남구 테헤란로104길 11, (대치동,지상1층)",서울특별시 강남구 대치동  996번지 12호  지상1층,3220000-101-2009-00675,한식,고기,374.33,대치2동,,
3220000,2023,306,20231010,20231123,뒤끝,"서울특별시 강남구 테헤란로104길 8, 지상1층 (대치동)",서울특별시 강남구 대치동  995번지 21호  ,3220000-101-2021-00197,한식,"곱창전골, 갈비",126.56,대치1동,,
3220000,2010,19,20100210,20100210,사리원,"서울특별시 강남구 남부순환로 2712, (도곡동)",서울특별시 강남구 도곡동  411번지 5호  ,3220000-101-1993-00239,한식,불고기,319.3,도곡2동,상수도전용,205732202
3220000,2014,30,20141006,20141006,임고집 한우＆보쌈마을(2호점),"서울특별시 강남구 테헤란로104길 11, (대치동,2층)",서울특별시 강남구 대치동  996번지 12호  2층,3220000-101-2009-00674,한식,고기,379.84,대치2동,,02 567 2772
3220000,2010,19,20100210,20100210,(주)타워차이,"서울특별시 강남구 언주로30길 26, (도곡동,타워팰리스스포츠클럽지상1층)",서울특별시 강남구 도곡동  467번지 29호  타워팰리스스포츠클럽지상1층,3220000-101-2004-00336,중국식,샥스핀,426.44,도곡2동,상수도전용,
3220000,2010,16,20100210,20100210,창포,"서울특별시 강남구 선릉로62길 19, (대치동)",서울특별시 강남구 대치동  936번지 18호  ,3220000-101-1993-07112,한식,손만두,150.3,대치4동,상수도전용,02 5010155
3220000,2010,25,20100210,20100210,하영호신촌설렁탕 압구정역점,"서울특별시 강남구 논현로 872, (신사동,지상1층)",서울특별시 강남구 신사동  610번지 2호  지상1층,3220000-101-2004-01228,한식,설렁탕,76.03,압구정동,상수도전용,5152234
3220000,2014,167,20141006,20141006,직화전문점 미스터 왕왕,"서울특별시 강남구 강남대로96길 17, (역삼동,지상2층)",서울특별시 강남구 역삼동  817번지 21호  지상2층,3220000-101-2004-00804,일식,양꼬치,221.48,역삼1동,상수도전용,
3220000,2016,64,20161125,20161125,남순남순대국 본점,"서울특별시 강남구 도곡로4길 12, (도곡동)",서울특별시 강남구 도곡동  945번지 2호  ,3220000-101-2009-01161,한식,순대국밥,158.67,도곡1동,,02  574 3227
3220000,2016,107,20161125,20161125,멘무샤,"서울특별시 강남구 영동대로 513, 컨벤션센터동 지하1층 I106호 (삼성동, 코엑스몰)",서울특별시 강남구 삼성동  159번지  ,3220000-101-2014-01091,한식,일본라면,72.5,삼성1동,,
3220000,2014,11,20141006,20141006,춘천명물닭갈비,"서울특별시 강남구 개포로22길 14, 지상1층 (개포동)",서울특별시 강남구 개포동  1231번지 6호  ,3220000-101-2006-00245,한식,닭갈비,141,개포4동,상수도전용,
3220000,2010,5,20100210,20100210,취영루,"서울특별시 강남구 학동로2길 11, (논현동)",서울특별시 강남구 논현동  141번지 2호  ,3220000-101-1997-12695,중국식,만두,711.64,논현1동,상수도전용,02 5116666
3220000,2010,11,20100210,20100210,남서울민물장어,"서울특별시 강남구 봉은사로 137, (논현동)",서울특별시 강남구 논현동  204번지 3호  ,3220000-101-1986-17061,한식,장어구이,124.84,논현1동,상수도전용,02 5441010
3220000,2016,13,20161125,20161125,크래버대게나라,"서울특별시 강남구 언주로 620, 지상1층 1호 (논현동)",서울특별시 강남구 논현동  261번지  지상1층-1,3220000-101-2013-00626,한식,대게,443.73,논현1동,,
3220000,2016,14,20161125,20161125,봉산집,"서울특별시 강남구 도산대로 232, (논현동,지상1층)",서울특별시 강남구 논현동  62번지 3호  지상1층,3220000-101-2009-00938,일식,차돌박이된장찌개,400.67,논현2동,상수도전용,
3220000,2010,11,20100210,20100210,마포숯불갈비,"서울특별시 강남구 도산대로 232, (논현동)",서울특별시 강남구 논현동  62번지 6호  ,3220000-101-1998-13154,한식,돼지갈비,347.15,논현2동,상수도전용,02 5161522
3220000,2010,16,20100210,20100210,반룡산,"서울특별시 강남구 테헤란로78길 26, (대치동,지상1층)",서울특별시 강남구 대치동  894번지 4호  지상1층,3220000-101-2004-00756,경양식,냉면,216.38,대치4동,상수도전용,
3220000,2014,25,20141006,20141006,진대감,"서울특별시 강남구 테헤란로70길 25, (대치동,지상1층)",서울특별시 강남구 대치동  895번지 11호  지상1층,3220000-101-2009-00425,한식,차돌삼합,164.48,대치4동,상수도전용,
3220000,2016,50,20161125,20161125,강남수랏간,"서울특별시 강남구 역삼로 410, (대치동,지상1층2층)",서울특별시 강남구 대치동  908번지 5호  지상1층2층,3220000-101-2002-00593,한식,돼지갈비,349.92,대치4동,,02 5675123
3220000,2014,26,20141006,20141006,청자골,"서울특별시 강남구 역삼로77길 17, (대치동,지상1층)",서울특별시 강남구 대치동  901번지 71호  지상1층,3220000-101-2003-00355,한식,꽃등심,142.14,대치4동,상수도전용,02  935 0609
3220000,2019,373,20191128,20190930,광양불고기 수서,"서울특별시 강남구 광평로56길 10, 지상1층 (수서동)",서울특별시 강남구 수서동  726번지  ,3220000-101-2017-00924,한식,"불고기정식, 광양불고기",214,수서동,,02  415 9293
3220000,2010,16,20100210,20100210,최가네버섯매운탕칼국수,"서울특별시 강남구 선릉로64길 20, (대치동)",서울특별시 강남구 대치동  936번지 16호  ,3220000-101-1997-08733,일식,샤브샤브,216.18,대치4동,상수도전용,02 5382323
3220000,2016,54,20161125,20161125,하이보,"서울특별시 강남구 영동대로85길 13, 지상2층 (대치동)",서울특별시 강남구 대치동  950번지 1호  지상2층,3220000-101-2015-00735,중국식,동파육,559.86,대치1동,,
3220000,2010,18,20100210,20100210,군산회집,"서울특별시 강남구 영동대로 341, (대치동,지상1,2층)","서울특별시 강남구 대치동  968번지 2호  지상1,2층",3220000-101-1992-07524,일식,회,320.66,대치2동,상수도전용,205571843
3220000,2010,17,20100210,20100210,대한민국,"서울특별시 강남구 영동대로85길 17-5, 지하1,지상1~3층 (대치동)",서울특별시 강남구 대치동  950번지 2호  ,3220000-101-1996-19341,한식,갈비탕,573.44,대치1동,상수도전용,02 5616320
3220000,2010,18,20100210,20100210,김셰프의 도시어부,"서울특별시 강남구 테헤란로 614, (대치동)",서울특별시 강남구 대치동  996번지 0호  ,3220000-101-1994-19347,일식,생선회,159.5,대치2동,상수도전용,205643377
3220000,2016,57,20161120,20161125,(주)중앙해장,"서울특별시 강남구 영동대로86길 17, 1층 (대치동)",서울특별시 강남구 대치동  996번지 16호  ,3220000-101-2016-00067,한식,해장국,595,대치1동,,
3220000,2016,161,20161125,20161125,금강식당,"서울특별시 강남구 봉은사로30길 62, (역삼동,영우빌딩1층)",서울특별시 강남구 역삼동  668번지 8호  영우빌딩1층,3220000-101-2009-01111,경양식,한우등심구이,178.3,역삼1동,상수도전용,
3220000,2016,95,20161125,20161125,한국돈거래소,"서울특별시 강남구 삼성로100길 23-6, (삼성동)",서울특별시 강남구 삼성동  153번지 57호  ,3220000-101-1994-07789,한식,두루치기,122.25,삼성1동,상수도전용,02 5019444
3220000,2016,171,20161125,20161125,지하오,"서울특별시 강남구 논현로64길 34, (역삼동,지상1층)",서울특별시 강남구 역삼동  787번지 8호  지상1층,3220000-101-2006-00843,중국식,찹쌀탕수육,62.96,역삼2동,상수도전용,02 5589119
3220000,2016,176,20161125,20161125,갓텐스시강남점,"서울특별시 강남구 테헤란로 109, (역삼동,강남제일빌딩 1층)",서울특별시 강남구 역삼동  822번지 4호  강남제일빌딩 1층,3220000-101-2010-00821,일식,초밥,483.93,역삼1동,상수도전용,02  20511560
3220000,2014,169,20141006,20141006,(주)해담채강남,"서울특별시 강남구 논현로85길 70, (역삼동,지하1층)",서울특별시 강남구 역삼동  823번지 16호  지하1층,3220000-101-2011-00528,한식,한정식,687.84,역삼1동,상수도전용,
3220000,2010,53,20100210,20100210,(주)신정,"서울특별시 강남구 테헤란로8길 29, (역삼동)",서울특별시 강남구 역삼동  828번지 2호  ,3220000-101-1986-16424,한식,샤브샤브,1218.34,역삼1동,상수도전용,02 5541033
3220000,2012,7,20120706,20120706,(주)우동명가기리야마본진,"서울특별시 강남구 강남대로84길 23, 지하1층 02,03,04,05,06,07호 (역삼동, 한라클래식)",서울특별시 강남구 역삼동  824번지 11호  ,3220000-101-2012-00160,한식,"우동, 소바",206.45,역삼1동,,02  555 8770
3220000,2010,53,20100210,20100210,구레스시,"서울특별시 강남구 강남대로 390, (역삼동)",서울특별시 강남구 역삼동  825번지 0호  ,3220000-101-1996-19623,일식,초밥,330.21,역삼1동,상수도전용,02  64691199
3220000,2010,53,20100210,20100210,주식회사 에도긴,"서울특별시 강남구 테헤란로8길 30, (역삼동,에도긴빌딩2,3층)","서울특별시 강남구 역삼동  827번지 58호  에도긴빌딩2,3층",3220000-101-1989-07606,일식,전통일식,606.84,역삼1동,상수도전용,02 5685147
3220000,2014,170,20141006,20141006,가시리,"서울특별시 강남구 논현로79길 64, (역삼동,지상1층)",서울특별시 강남구 역삼동  828번지 54호  지상1층,3220000-101-2003-00718,한식,보리굴비,140,역삼1동,상수도전용,02  5675829
3220000,2010,62,20100730,20100915,완산골명가(일원점),"서울특별시 강남구 일원로9길 46, (일원동,지상1층)",서울특별시 강남구 일원동  666번지 10호  지상1층,3220000-101-2002-00786,한식,콩나물 국밥,148.76,일원1동,상수도전용,
3220000,2014,173,20141006,20141006,교토,"서울특별시 강남구 도곡로 111, 지하1층 (역삼동, 미진빌딩)",서울특별시 강남구 역삼동  838번지 11호  미진빌딩 지하1층,3220000-101-2012-00052,일식,"회, 탕",334.63,역삼1동,상수도전용,25587733
3220000,2014,174,20141006,20141006,본가,"서울특별시 강남구 일원로9길 64, (일원동,지상1,2층)","서울특별시 강남구 일원동  645번지 7호  지상1,2층",3220000-101-2003-01111,한식,구이,285.98,일원1동,상수도전용,4510808
3220000,2016,183,20161125,20161125,대청뼈다귀감자탕,"서울특별시 강남구 일원로9길 26, (일원동,지상1층)",서울특별시 강남구 일원동  666번지 2호  지상1층,3220000-101-2008-00175,한식,뼈다귀 감자탕,67.16,일원1동,상수도전용,02  445 6404
3220000,2016,188,20161125,20161125,청담갯벌장어,"서울특별시 강남구 영동대로142길 29, 2,3층 (청담동)",서울특별시 강남구 청담동  130번지 22호  ,3220000-101-2014-01234,한식,갯벌장어,339.84,청담동,,
3220000,2010,56,20100210,20100210,코리아하우스,"서울특별시 강남구 압구정로79길 56, (청담동,지상1층,2층)","서울특별시 강남구 청담동  125번지 6호  지상1층,2층",3220000-101-2004-01122,한식,소고기 구이,452,청담동,상수도전용,234432121
3220000,2010,58,20100210,20100210,고센,"서울특별시 강남구 선릉로158길 18, 2,3층 (청담동)",서울특별시 강남구 청담동  88번지 23호  ,3220000-101-1994-00061,한식,파스타,721.7,청담동,상수도전용,205151863
3220000,2016,191,20161125,20161125,진성식당,"서울특별시 강남구 학동로81길 7, (청담동)",서울특별시 강남구 청담동  76번지 11호  ,3220000-101-1989-16516,한식,칼국수 보쌈,100,청담동,상수도전용,205118157
3220000,2017,461,20171010,20171124,한티옥,"서울특별시 강남구 도곡로 418, (대치동,강원빌딩 지상1층)",서울특별시 강남구 대치동  1024번지 4호  강원빌딩 지상1층,3220000-101-2010-00500,한식,한식,405.33,대치1동,,02  552 5289
3220000,2019,365,20191128,20190930,봉추찜닭압구정로데오점,"서울특별시 강남구 선릉로157길 20-5, (신사동,지상2층)",서울특별시 강남구 신사동  663번지 7호  지상2층,3220000-101-2010-00086,한식,찜닭,192.24,압구정동,상수도전용,
3220000,2021,314,20201001,20211116,옛골 원조 양평해장국,"서울특별시 강남구 영동대로106길 29, (삼성동,지상1층)",서울특별시 강남구 삼성동  161번지 8호  지상1층,3220000-101-2005-00001,한식,해장국,115.7,삼성1동,상수도전용,5615242
3220000,2010,62,20100730,20100915,대청가든,"서울특별시 강남구 개포로 623, (개포동,미씨860오피스텔1층122호)",서울특별시 강남구 개포동  13번지 3호  미씨860오피스텔1층122호,3220000-101-1999-19234,한식,한우,220.16,개포3동,상수도전용,234135566
3220000,2016,59,20161125,20161125,평양면옥,"서울특별시 강남구 논현로28길 28, (도곡동)",서울특별시 강남구 도곡동  423번지 15호  ,3220000-101-1992-15981,한식,냉면,330.1,도곡2동,상수도전용,205711666
3220000,2016,58,20161125,20161125,두코 매봉역점,"서울특별시 강남구 남부순환로 2738, (도곡동,지상2층)",서울특별시 강남구 도곡동  411번지 20호  지상2층,3220000-101-2001-23577,한식,청국장과 보리밥,181.82,도곡2동,상수도전용,
3220000,2010,21,20100210,20100210,이화원,"서울특별시 강남구 테헤란로87길 46, 호텔오크우드프리미어 지상3층 (삼성동)",서울특별시 강남구 삼성동  159번지  호텔오크우드프리미어,3220000-101-2001-24274,중국식,중식코스,655,삼성1동,상수도전용,02 5514893
3220000,2021,154,20181001,20211116,본죽,,서울특별시 강남구 삼성동  159번지 9호  도심공항타워 지하1층9호,3220000-101-2001-23806,한식,죽,36.1,삼성1동,상수도전용,220167477
3220000,2021,172,20181001,20211116,룽청,"서울특별시 강남구 논현로152길 23, (신사동,알파빌딩지상1층)",서울특별시 강남구 신사동  589번지 9호  알파빌딩지상1층,3220000-101-2003-00620,중국식,"탕수육, 짬뽕, 짜장",152.06,압구정동,상수도전용,02  512 0773
3220000,2021,181,20211001,20211116,한옥집 김치찜 GFC몰점,"서울특별시 강남구 테헤란로 152, 지하1층 (역삼동, 강남파이낸스센터)",서울특별시 강남구 역삼동  737번지  강남파이낸스센터,3220000-101-2020-00674,한식,김치찜,99.96,역삼1동,,
3220000,2021,201,20181001,20211116,일등추어탕,"서울특별시 강남구 선릉로 555, 1층 101호 (역삼동)",서울특별시 강남구 역삼동  683번지 26호  ,3220000-101-2015-00744,한식,추어탕,283.23,역삼1동,,
3220000,2021,159,20211001,20211116,별난횟집 역삼직영점,"서울특별시 강남구 언주로85길 25, 지상1층 (역삼동)",서울특별시 강남구 역삼동  723번지 6호  지상1층,3220000-101-2014-00407,한식,설렁탕,168.45,역삼1동,,
3220000,2021,209,20181001,20211116,사량도,"서울특별시 강남구 역삼로33길 3, (역삼동,지상1층)",서울특별시 강남구 역삼동  733번지 18호  지상1층,3220000-101-2007-00901,경양식,광어회,162,역삼2동,상수도전용,25538082
3220000,2021,236,20181001,20211116,린카,"서울특별시 강남구 도곡로1길 14, 삼일프라자오피스텔 지상1층 111호,112호,115호,116호 (역삼동)",서울특별시 강남구 역삼동  837번지 26호  삼일프라자오피스텔,3220000-101-2018-00694,일식,카레,47.49,역삼1동,,
3220000,2021,215,20181001,20211116,진주성,"서울특별시 강남구 역삼로20길 14, 지상1층 (역삼동)",서울특별시 강남구 역삼동  792번지 54호  지상1층,3220000-101-2015-01016,한식,비빔밥,84.55,역삼1동,,
3220000,2021,247,20181001,20211116,화통집 강남자곡점,"서울특별시 강남구 자곡로 201, 1층 102,103,105,106호 (자곡동, 강남더샵라르고)",서울특별시 강남구 자곡동  596번지  ,3220000-101-2016-01002,한식,소고기구이,134.8,세곡동,,02  459 5227
3220000,2021,225,20181001,20211116,육전식당 4호점,"서울특별시 강남구 테헤란로8길 11-4, 1층 (역삼동)",서울특별시 강남구 역삼동  823번지 10호  ,3220000-101-2017-00317,한식,구이,153.5,역삼1동,,
3220000,2021,269,20130906,20211116,본가신의주찹쌀순대전문점,"서울특별시 강남구 봉은사로 636, (삼성동,지상1층,지하1층)","서울특별시 강남구 삼성동  162번지 12호  지상1층,지하1층",3220000-101-1998-20025,한식,순대국밥,323,삼성1동,상수도전용,02 5649292
3220000,2021,238,20171001,20211116,봉평착한메밀,"서울특별시 강남구 강남대로62길 30, 지상1층 101호 (역삼동)",서울특별시 강남구 역삼동  839번지 4호  ,3220000-101-2020-00125,한식,명태메밀막국수,91.5,역삼1동,,
3220000,2021,280,20191001,20211116,한방대가삼계탕,"서울특별시 강남구 역삼로5길 22, 2층 (역삼동)",서울특별시 강남구 역삼동  830번지 38호  2층,3220000-101-2008-00347,한식,삼계탕,325.9,역삼1동,상수도전용,02  404 5613
3220000,2021,250,20201001,20211116,본초강목,"서울특별시 강남구 선릉로132길 60, (청담동)",서울특별시 강남구 청담동  44번지 5호  ,3220000-101-1992-16507,한식,추어탕,75.31,청담동,상수도전용,205179803
3220000,2021,294,20201001,20211116,우림황소양곱창,"서울특별시 강남구 강남대로156길 28, 지하1층 (신사동)",서울특별시 강남구 신사동  516번지 1호  ,3220000-101-2011-00356,한식,"곱창, 양대창",79.45,신사동,상수도전용,
3220000,2021,293,20201001,20211116,뱃고동,"서울특별시 강남구 언주로172길 54, (신사동)",서울특별시 강남구 신사동  663번지 0호  ,3220000-101-1990-06603,분식,오징어볶음,186.03,압구정동,상수도전용,02 5148008
3220000,2016,124,20161125,20161125,서울덮밥&김치찜,"서울특별시 강남구 테헤란로87길 22, 지하1층 Q103호 (삼성동)",서울특별시 강남구 삼성동  159번지 6호  ,3220000-101-2014-00863,한식,김치갈비전골,65.62,삼성1동,,
3220000,2016,156,20161125,20161125,만족오향족발 역삼점,"서울특별시 강남구 테헤란로25길 15-5, 지상1층 (역삼동)",서울특별시 강남구 역삼동  644번지 7호  ,3220000-101-2015-00925,기타,김치찌개,190,역삼1동,,
3220000,2016,148,20161125,20161125,명인등심(청담유통),"서울특별시 강남구 도산대로 211, 동현빌딩 지상2층 (신사동)",서울특별시 강남구 신사동  587번지 14호  동현빌딩,3220000-101-2011-00619,한식,한우등심,617.5,신사동,,
3220000,2010,49,20100210,20100210,신단설렁탕,"서울특별시 강남구 언주로71길 5-10, 지상1층 (역삼동)",서울특별시 강남구 역삼동  773번지 14호  지상1층,3220000-101-1999-18746,한식,,80.43,역삼2동,상수도전용,02 5535293
3220000,2010,21,20100210,20100210,마쯔가제,"서울특별시 강남구 영동대로 511, (삼성동,호텔오크우드프리미어지상3층)",서울특별시 강남구 삼성동  159번지 0호  호텔오크우드프리미어지상3층,3220000-101-2001-24272,일식,생선회,601.5,삼성1동,상수도전용,02 5514893
3220000,2014,14,20141006,20141006,육갑식당,"서울특별시 강남구 학동로2길 19, (논현동,세일빌딩 1층 102호)",서울특별시 강남구 논현동  141번지 7호  세일빌딩 1층 102호,3220000-101-2011-00577,한식,고기구이,42.34,논현1동,상수도전용,02  514 5837
3220000,2016,116,20161125,20161125,더 플레이스 코엑스점,"서울특별시 강남구 영동대로 513, 지하1층 J102호 (삼성동, 코엑스기존컨벤션센터)",서울특별시 강남구 삼성동  159번지  ,3220000-101-2014-01121,경양식,"피자, 파스타",404.76,삼성1동,,
3220000,2016,109,20161125,20161125,미사리밀빛초계국수,"서울특별시 강남구 영동대로 513, 지하1층 J-114호 (삼성동, 코엑스 기존컨벤션센터)",서울특별시 강남구 삼성동  159번지  코엑스 기존컨벤션센터,3220000-101-2014-01099,한식,초계국수,190,삼성1동,,
3220000,2021,328,20211001,20211116,하영호신촌설렁탕,"서울특별시 강남구 논현로28길 36, (도곡동,1층)",서울특별시 강남구 도곡동  423번지 4호  1층,3220000-101-2009-00985,한식,설렁탕,184.98,도곡2동,,02  572 5636
3220000,2022,199,20221104,20221104,천향,"서울특별시 강남구 논현로 166, (도곡동)",서울특별시 강남구 도곡동  410번지 4호  ,3220000-101-1994-14956,중국식,"자장면, 짬뽕",298.55,도곡2동,상수도전용,
3220000,2016,10,20161125,20161125,신사정육식당,"서울특별시 강남구 학동로 106, 1층 1호 (논현동)",서울특별시 강남구 논현동  121번지  ,3220000-101-2011-00122,한식,삼겹살,134.3,논현1동,상수도전용,02  548 9757
3220000,2019,356,20190930,20191128,분틀,"서울특별시 강남구 선릉로86길 12, 지상2층 (대치동)",서울특별시 강남구 대치동  897번지 15호  ,3220000-101-2016-01115,일식,"메밀국수, 모듬전",234,대치2동,,
3220000,2010,15,20100210,20100210,수하동 본점,"서울특별시 강남구 테헤란로78길 16, (대치동,지상2층)",서울특별시 강남구 대치동  891번지 44호  지상2층,3220000-101-2007-00452,한식,곰탕,334.22,대치4동,상수도전용,02 5653355
3220000,2017,463,20171010,20171124,월출산,"서울특별시 강남구 봉은사로112길 6, 1층 (삼성동, 익성빌딩)",서울특별시 강남구 삼성동  162번지 15호  ,3220000-101-2016-00412,한식,고기구이,145,삼성1동,,
3220000,2014,22,20141006,20141006,원조본점닭한마리,"서울특별시 강남구 논현로10길 13, (개포동)",서울특별시 강남구 개포동  1193번지 7호  ,3220000-101-1999-19635,한식,닭,106.22,개포4동,상수도전용,234614422
3220000,2016,75,20161125,20161125,신촌설렁탕 강남구청역점,"서울특별시 강남구 선릉로 670, (삼성동,지하1층)",서울특별시 강남구 삼성동  1번지 4호  지하1층,3220000-101-2002-00719,한식,설렁탕,88.3,삼성1동,상수도전용,5451551
3220000,2014,42,20141006,20141006,안뜨레,"서울특별시 강남구 봉은사로 130, (역삼동)",서울특별시 강남구 역삼동  603번지 0호  ,3220000-101-1999-20086,경양식,,281.3,역삼1동,상수도전용,02 5316454
3220000,2011,7,20110816,20110816,로즈힐 강남파이낸스센터점,"서울특별시 강남구 테헤란로 152, (역삼동,강남파이낸스센터 지하1층)",서울특별시 강남구 역삼동  737번지 0호  강남파이낸스센터 지하1층,3220000-101-2007-00281,한식,한우구이,436.04,역삼1동,상수도전용,02 5082090
3220000,2016,104,20161125,20161125,르사이공 코엑스몰점,"서울특별시 강남구 영동대로 513, 지하1층 H104호 (삼성동, 코엑스기존컨벤션센터)",서울특별시 강남구 삼성동  159번지  코엑스 기존컨벤션센터 H104호,3220000-101-2014-01148,중국식,,138.23,삼성1동,,02  5572366
3220000,2016,91,20161125,20161125,오늘은 닭,"서울특별시 강남구 테헤란로83길 51, (삼성동,지상1층)",서울특별시 강남구 삼성동  152번지 59호  지상1층,3220000-101-2002-00780,호프/통닭,닭갈비,79.33,삼성1동,상수도전용,5617398
3220000,2016,190,20161125,20161125,영천영화,"서울특별시 강남구 도산대로90길 3, (청담동,상민빌딩 1,2층)","서울특별시 강남구 청담동  50번지 13호  상민빌딩 1,2층",3220000-101-2007-00313,한식,한우,577.27,청담동,상수도전용,234420381
3220000,2010,55,20100210,20100210,이영근 만두,"서울특별시 강남구 개포로 662, (일원동)",서울특별시 강남구 일원동  639번지 3호  ,3220000-101-1990-17747,한식,된장찌개,104.94,일원1동,상수도전용,02 4450256
3220000,2010,14,20100210,20100210,엠브이샤브샤브,"서울특별시 강남구 남부순환로 2936, (대치동,원플러스상가지하1층105,106호)","서울특별시 강남구 대치동  507번지 0호  원플러스상가지하1층105,106호",3220000-101-2003-01222,한식,샤브샤브,290.09,대치1동,상수도전용,5617573
3220000,2019,360,20190930,20191128,풍성옥,"서울특별시 강남구 삼성로81길 22, (대치동,한정빌딩지상1층104호)",서울특별시 강남구 대치동  894번지 5호  한정빌딩지상1층104호,3220000-101-2003-00809,한식,한우곱창,99.17,대치4동,상수도전용,25629292
3220000,2010,24,20100210,20100210,무교동홍낙(수서점),"서울특별시 강남구 광평로 196, 제이스프라자 지상2층 205호 (수서동)",서울특별시 강남구 수서동  754번지  제이스프라자,3220000-101-1997-13880,한식,낙지볶음,114.85,일원본동,상수도전용,02 4598756
3220000,2010,61,20100730,20100915,명동관,"서울특별시 강남구 남부순환로 2912, (대치동,센트럴500지하1층103,104호)","서울특별시 강남구 대치동  500번지 0호  센트럴500지하1층103,104호",3220000-101-1996-05143,한식,한식,196.91,대치1동,상수도전용,02 5638882
3220000,2021,317,20211001,20211116,한쉐프,"서울특별시 강남구 선릉로90길 42, (대치동,지하1층)",서울특별시 강남구 대치동  890번지 30호  지하1층,3220000-101-2005-00991,한식,짬뽕,132.23,대치4동,상수도전용,02 5014795
3220000,2022,322,20221104,20221104,지강한식당 압구정본점,"서울특별시 강남구 압구정로30길 17, (신사동,지상1층111호,112호)","서울특별시 강남구 신사동  609번지 0호  지상1층111호,112호",3220000-101-1996-05159,분식,낙곱새,92.21,압구정동,상수도전용,
3220000,2021,318,20211001,20211116,도원,"서울특별시 강남구 테헤란로70길 28, 지하1층 (대치동)",서울특별시 강남구 대치동  896번지 50호  ,3220000-101-2019-00434,중국식,자장면,170.8,대치1동,,
3220000,2010,53,20100210,20100210,차슈밍,"서울특별시 강남구 강남대로94길 21, 지하1층 (역삼동)",서울특별시 강남구 역삼동  818번지 8호  ,3220000-101-1986-07823,중국식,자장면,376.61,역삼1동,상수도전용,02 5679289
3220000,2016,90,20161125,20161125,순대실록 삼성역점,"서울특별시 강남구 삼성로100길 13, 1층 (삼성동)",서울특별시 강남구 삼성동  152번지 52호  ,3220000-101-1995-05258,한식,양갈비,42,삼성1동,상수도전용,02 5544741
3220000,2014,28,20141006,20141006,용수사,"서울특별시 강남구 삼성로86길 7, (대치동,지상2층)",서울특별시 강남구 대치동  942번지 5호  지상2층,3220000-101-2010-00551,일식,회,297.75,대치2동,,02  567 1516
3220000,2021,291,20201001,20211116,효미역 압구정점,"서울특별시 강남구 압구정로30길 17, 이소니프라자 지상1층 102,103,104-2,105,106호 (신사동)",서울특별시 강남구 신사동  609번지  이소니프라자,3220000-101-2008-00388,한식,,143.15,신사동,상수도전용,
3220000,2021,217,20181001,20211116,기무,"서울특별시 강남구 논현로 333, (역삼동,B01호)",서울특별시 강남구 역삼동  797번지 3호  B01호,3220000-101-2008-00782,한식,회,30,역삼1동,상수도전용,02  554 2014
3220000,2016,7,20161125,20161125,밀란,"서울특별시 강남구 개포로28길 4, (개포동,지상1층101호)",서울특별시 강남구 개포동  1215번지 0호  지상1층101호,3220000-101-2004-00840,한식,면류,128.76,개포4동,상수도전용,02  574 3216
3220000,2023,313,20231010,20231123,모스가든,"서울특별시 강남구 논현로139길 12, 지상1층 (논현동)",서울특별시 강남구 논현동  30번지 6호  ,3220000-101-2012-00814,한식,파스타,332,논현1동,,
3220000,2010,58,20100210,20100210,삼성물산(주)10꼬르소꼬모서울카페,"서울특별시 강남구 압구정로 416, (청담동,지하1층)",서울특별시 강남구 청담동  79번지 0호  지하1층,3220000-101-2008-00093,경양식,이태리,350,청담동,상수도전용,02  30181010
3220000,2023,299,20231010,20231123,현대낙지집,"서울특별시 강남구 압구정로14길 11, (신사동)",서울특별시 강남구 신사동  550번지 3호  ,3220000-101-1985-17501,한식,"낙지, 감자탕",92.03,신사동,상수도전용,02 5461022
3220000,2010,61,20100730,20100915,초심,"서울특별시 강남구 언주로172길 55, 지상2층 (신사동)",서울특별시 강남구 신사동  662번지 6호  ,3220000-101-2005-00412,경양식,"곱창, 부대찌개",211.26,신사동,상수도전용,02 5174433
3220000,2016,172,20161125,20161125,아야진생태찌개 역삼점,"서울특별시 강남구 논현로 329, 지상1,2,3층 (역삼동)","서울특별시 강남구 역삼동  797번지 11호  지상1,2,3,층",3220000-101-2013-00416,한식,생태찌개,253.28,역삼2동,,